,pictureName,Diseases
0,bsf_0.jpg,Browon Spot(Feild Background)
1,bsf_1.jpg,Browon Spot(Feild Background)
2,bsf_10.jpg,Browon Spot(Feild Background)
3,bsf_11.jpg,Browon Spot(Feild Background)
4,bsf_12.jpg,Browon Spot(Feild Background)
5,bsf_13.jpg,Browon Spot(Feild Background)
6,bsf_14.jpg,Browon Spot(Feild Background)
7,bsf_15.jpg,Browon Spot(Feild Background)
8,bsf_16.jpg,Browon Spot(Feild Background)
9,bsf_17.jpg,Browon Spot(Feild Background)
10,bsf_18.jpg,Browon Spot(Feild Background)
11,bsf_19.jpg,Browon Spot(Feild Background)
12,bsf_2.jpg,Browon Spot(Feild Background)
13,bsf_20.jpg,Browon Spot(Feild Background)
14,bsf_21.jpg,Browon Spot(Feild Background)
15,bsf_22.jpg,Browon Spot(Feild Background)
16,bsf_23.jpg,Browon Spot(Feild Background)
17,bsf_24.jpg,Browon Spot(Feild Background)
18,bsf_25.jpg,Browon Spot(Feild Background)
19,bsf_26.jpg,Browon Spot(Feild Background)
20,bsf_27.jpg,Browon Spot(Feild Background)
21,bsf_28.jpg,Browon Spot(Feild Background)
22,bsf_29.jpg,Browon Spot(Feild Background)
23,bsf_3.jpg,Browon Spot(Feild Background)
24,bsf_30.jpg,Browon Spot(Feild Background)
25,bsf_31.jpg,Browon Spot(Feild Background)
26,bsf_32.jpg,Browon Spot(Feild Background)
27,bsf_33.jpg,Browon Spot(Feild Background)
28,bsf_34.jpg,Browon Spot(Feild Background)
29,bsf_35.jpg,Browon Spot(Feild Background)
30,bsf_36.jpg,Browon Spot(Feild Background)
31,bsf_37.jpg,Browon Spot(Feild Background)
32,bsf_38.jpg,Browon Spot(Feild Background)
33,bsf_39.jpg,Browon Spot(Feild Background)
34,bsf_4.jpg,Browon Spot(Feild Background)
35,bsf_40.jpg,Browon Spot(Feild Background)
36,bsf_41.jpg,Browon Spot(Feild Background)
37,bsf_42.jpg,Browon Spot(Feild Background)
38,bsf_43.jpg,Browon Spot(Feild Background)
39,bsf_44.jpg,Browon Spot(Feild Background)
40,bsf_45.jpg,Browon Spot(Feild Background)
41,bsf_46.jpg,Browon Spot(Feild Background)
42,bsf_47.jpg,Browon Spot(Feild Background)
43,bsf_48.jpg,Browon Spot(Feild Background)
44,bsf_5.jpg,Browon Spot(Feild Background)
45,bsf_6.jpg,Browon Spot(Feild Background)
46,bsf_7.jpg,Browon Spot(Feild Background)
47,bsf_8.jpg,Browon Spot(Feild Background)
48,bsf_9.jpg,Browon Spot(Feild Background)
49,lsf_0.jpg,Leaf Scaled(Feild Background)
50,lsf_1.jpg,Leaf Scaled(Feild Background)
51,lsf_10.jpg,Leaf Scaled(Feild Background)
52,lsf_11.jpg,Leaf Scaled(Feild Background)
53,lsf_12.jpg,Leaf Scaled(Feild Background)
54,lsf_13.jpg,Leaf Scaled(Feild Background)
55,lsf_14.jpg,Leaf Scaled(Feild Background)
56,lsf_15.jpg,Leaf Scaled(Feild Background)
57,lsf_16.jpg,Leaf Scaled(Feild Background)
58,lsf_17.jpg,Leaf Scaled(Feild Background)
59,lsf_18.jpg,Leaf Scaled(Feild Background)
60,lsf_19.jpg,Leaf Scaled(Feild Background)
61,lsf_2.jpg,Leaf Scaled(Feild Background)
62,lsf_20.jpg,Leaf Scaled(Feild Background)
63,lsf_21.jpg,Leaf Scaled(Feild Background)
64,lsf_22.jpg,Leaf Scaled(Feild Background)
65,lsf_23.jpg,Leaf Scaled(Feild Background)
66,lsf_24.jpg,Leaf Scaled(Feild Background)
67,lsf_25.jpg,Leaf Scaled(Feild Background)
68,lsf_26.jpg,Leaf Scaled(Feild Background)
69,lsf_27.jpg,Leaf Scaled(Feild Background)
70,lsf_28.jpg,Leaf Scaled(Feild Background)
71,lsf_29.jpg,Leaf Scaled(Feild Background)
72,lsf_3.jpg,Leaf Scaled(Feild Background)
73,lsf_30.jpg,Leaf Scaled(Feild Background)
74,lsf_31.jpg,Leaf Scaled(Feild Background)
75,lsf_32.jpg,Leaf Scaled(Feild Background)
76,lsf_33.jpg,Leaf Scaled(Feild Background)
77,lsf_34.jpg,Leaf Scaled(Feild Background)
78,lsf_35.jpg,Leaf Scaled(Feild Background)
79,lsf_36.jpg,Leaf Scaled(Feild Background)
80,lsf_37.jpg,Leaf Scaled(Feild Background)
81,lsf_38.jpg,Leaf Scaled(Feild Background)
82,lsf_39.jpg,Leaf Scaled(Feild Background)
83,lsf_4.jpg,Leaf Scaled(Feild Background)
84,lsf_40.jpg,Leaf Scaled(Feild Background)
85,lsf_41.jpg,Leaf Scaled(Feild Background)
86,lsf_42.jpg,Leaf Scaled(Feild Background)
87,lsf_43.jpg,Leaf Scaled(Feild Background)
88,lsf_44.jpg,Leaf Scaled(Feild Background)
89,lsf_45.jpg,Leaf Scaled(Feild Background)
90,lsf_46.jpg,Leaf Scaled(Feild Background)
91,lsf_47.jpg,Leaf Scaled(Feild Background)
92,lsf_48.jpg,Leaf Scaled(Feild Background)
93,lsf_49.jpg,Leaf Scaled(Feild Background)
94,lsf_5.jpg,Leaf Scaled(Feild Background)
95,lsf_50.jpg,Leaf Scaled(Feild Background)
96,lsf_51.jpg,Leaf Scaled(Feild Background)
97,lsf_52.jpg,Leaf Scaled(Feild Background)
98,lsf_53.jpg,Leaf Scaled(Feild Background)
99,lsf_54.jpg,Leaf Scaled(Feild Background)
100,lsf_55.jpg,Leaf Scaled(Feild Background)
101,lsf_56.jpg,Leaf Scaled(Feild Background)
102,lsf_57.jpg,Leaf Scaled(Feild Background)
103,lsf_58.jpg,Leaf Scaled(Feild Background)
104,lsf_59.jpg,Leaf Scaled(Feild Background)
105,lsf_6.jpg,Leaf Scaled(Feild Background)
106,lsf_60.jpg,Leaf Scaled(Feild Background)
107,lsf_61.jpg,Leaf Scaled(Feild Background)
108,lsf_62.jpg,Leaf Scaled(Feild Background)
109,lsf_63.jpg,Leaf Scaled(Feild Background)
110,lsf_64.jpg,Leaf Scaled(Feild Background)
111,lsf_65.jpg,Leaf Scaled(Feild Background)
112,lsf_66.jpg,Leaf Scaled(Feild Background)
113,lsf_67.jpg,Leaf Scaled(Feild Background)
114,lsf_68.jpg,Leaf Scaled(Feild Background)
115,lsf_69.jpg,Leaf Scaled(Feild Background)
116,lsf_7.jpg,Leaf Scaled(Feild Background)
117,lsf_70.jpg,Leaf Scaled(Feild Background)
118,lsf_71.jpg,Leaf Scaled(Feild Background)
119,lsf_72.jpg,Leaf Scaled(Feild Background)
120,lsf_73.jpg,Leaf Scaled(Feild Background)
121,lsf_8.jpg,Leaf Scaled(Feild Background)
122,lsf_9.jpg,Leaf Scaled(Feild Background)
123,rbf_0.jpg,Rice Blast(Feild Background)
124,rbf_1.jpg,Rice Blast(Feild Background)
125,rbf_10.jpg,Rice Blast(Feild Background)
126,rbf_11.jpg,Rice Blast(Feild Background)
127,rbf_12.jpg,Rice Blast(Feild Background)
128,rbf_13.jpg,Rice Blast(Feild Background)
129,rbf_14.jpg,Rice Blast(Feild Background)
130,rbf_15.jpg,Rice Blast(Feild Background)
131,rbf_16.jpg,Rice Blast(Feild Background)
132,rbf_17.jpg,Rice Blast(Feild Background)
133,rbf_18.jpg,Rice Blast(Feild Background)
134,rbf_19.jpg,Rice Blast(Feild Background)
135,rbf_2.jpg,Rice Blast(Feild Background)
136,rbf_20.jpg,Rice Blast(Feild Background)
137,rbf_21.jpg,Rice Blast(Feild Background)
138,rbf_22.jpg,Rice Blast(Feild Background)
139,rbf_23.jpg,Rice Blast(Feild Background)
140,rbf_24.jpg,Rice Blast(Feild Background)
141,rbf_25.jpg,Rice Blast(Feild Background)
142,rbf_26.jpg,Rice Blast(Feild Background)
143,rbf_27.jpg,Rice Blast(Feild Background)
144,rbf_28.jpg,Rice Blast(Feild Background)
145,rbf_29.jpg,Rice Blast(Feild Background)
146,rbf_3.jpg,Rice Blast(Feild Background)
147,rbf_30.jpg,Rice Blast(Feild Background)
148,rbf_31.jpg,Rice Blast(Feild Background)
149,rbf_32.jpg,Rice Blast(Feild Background)
150,rbf_33.jpg,Rice Blast(Feild Background)
151,rbf_34.jpg,Rice Blast(Feild Background)
152,rbf_35.jpg,Rice Blast(Feild Background)
153,rbf_36.jpg,Rice Blast(Feild Background)
154,rbf_37.jpg,Rice Blast(Feild Background)
155,rbf_38.jpg,Rice Blast(Feild Background)
156,rbf_39.jpg,Rice Blast(Feild Background)
157,rbf_4.jpg,Rice Blast(Feild Background)
158,rbf_40.jpg,Rice Blast(Feild Background)
159,rbf_41.jpg,Rice Blast(Feild Background)
160,rbf_42.jpg,Rice Blast(Feild Background)
161,rbf_43.jpg,Rice Blast(Feild Background)
162,rbf_44.jpg,Rice Blast(Feild Background)
163,rbf_45.jpg,Rice Blast(Feild Background)
164,rbf_46.jpg,Rice Blast(Feild Background)
165,rbf_47.jpg,Rice Blast(Feild Background)
166,rbf_48.jpg,Rice Blast(Feild Background)
167,rbf_49.jpg,Rice Blast(Feild Background)
168,rbf_5.jpg,Rice Blast(Feild Background)
169,rbf_50.jpg,Rice Blast(Feild Background)
170,rbf_51.jpg,Rice Blast(Feild Background)
171,rbf_52.jpg,Rice Blast(Feild Background)
172,rbf_53.jpg,Rice Blast(Feild Background)
173,rbf_54.jpg,Rice Blast(Feild Background)
174,rbf_55.jpg,Rice Blast(Feild Background)
175,rbf_56.jpg,Rice Blast(Feild Background)
176,rbf_57.jpg,Rice Blast(Feild Background)
177,rbf_58.jpg,Rice Blast(Feild Background)
178,rbf_59.jpg,Rice Blast(Feild Background)
179,rbf_6.jpg,Rice Blast(Feild Background)
180,rbf_60.jpg,Rice Blast(Feild Background)
181,rbf_61.jpg,Rice Blast(Feild Background)
182,rbf_62.jpg,Rice Blast(Feild Background)
183,rbf_63.jpg,Rice Blast(Feild Background)
184,rbf_64.jpg,Rice Blast(Feild Background)
185,rbf_65.jpg,Rice Blast(Feild Background)
186,rbf_66.jpg,Rice Blast(Feild Background)
187,rbf_67.jpg,Rice Blast(Feild Background)
188,rbf_68.jpg,Rice Blast(Feild Background)
189,rbf_69.jpg,Rice Blast(Feild Background)
190,rbf_7.jpg,Rice Blast(Feild Background)
191,rbf_70.jpg,Rice Blast(Feild Background)
192,rbf_71.jpg,Rice Blast(Feild Background)
193,rbf_72.jpg,Rice Blast(Feild Background)
194,rbf_73.jpg,Rice Blast(Feild Background)
195,rbf_8.jpg,Rice Blast(Feild Background)
196,rbf_9.jpg,Rice Blast(Feild Background)
197,rtf_0.jpg,Rice Turgro(Feild Background)
198,rtf_1.jpg,Rice Turgro(Feild Background)
199,rtf_10.jpg,Rice Turgro(Feild Background)
200,rtf_11.jpg,Rice Turgro(Feild Background)
201,rtf_12.jpg,Rice Turgro(Feild Background)
202,rtf_13.jpg,Rice Turgro(Feild Background)
203,rtf_14.jpg,Rice Turgro(Feild Background)
204,rtf_15.jpg,Rice Turgro(Feild Background)
205,rtf_16.jpg,Rice Turgro(Feild Background)
206,rtf_17.jpg,Rice Turgro(Feild Background)
207,rtf_18.jpg,Rice Turgro(Feild Background)
208,rtf_19.jpg,Rice Turgro(Feild Background)
209,rtf_2.jpg,Rice Turgro(Feild Background)
210,rtf_20.jpg,Rice Turgro(Feild Background)
211,rtf_21.jpg,Rice Turgro(Feild Background)
212,rtf_22.jpg,Rice Turgro(Feild Background)
213,rtf_23.jpg,Rice Turgro(Feild Background)
214,rtf_24.jpg,Rice Turgro(Feild Background)
215,rtf_25.jpg,Rice Turgro(Feild Background)
216,rtf_26.jpg,Rice Turgro(Feild Background)
217,rtf_27.jpg,Rice Turgro(Feild Background)
218,rtf_28.jpg,Rice Turgro(Feild Background)
219,rtf_29.jpg,Rice Turgro(Feild Background)
220,rtf_3.jpg,Rice Turgro(Feild Background)
221,rtf_30.jpg,Rice Turgro(Feild Background)
222,rtf_31.jpg,Rice Turgro(Feild Background)
223,rtf_32.jpg,Rice Turgro(Feild Background)
224,rtf_33.jpg,Rice Turgro(Feild Background)
225,rtf_34.jpg,Rice Turgro(Feild Background)
226,rtf_35.jpg,Rice Turgro(Feild Background)
227,rtf_36.jpg,Rice Turgro(Feild Background)
228,rtf_37.jpg,Rice Turgro(Feild Background)
229,rtf_38.jpg,Rice Turgro(Feild Background)
230,rtf_39.jpg,Rice Turgro(Feild Background)
231,rtf_4.jpg,Rice Turgro(Feild Background)
232,rtf_40.jpg,Rice Turgro(Feild Background)
233,rtf_41.jpg,Rice Turgro(Feild Background)
234,rtf_42.jpg,Rice Turgro(Feild Background)
235,rtf_43.jpg,Rice Turgro(Feild Background)
236,rtf_44.jpg,Rice Turgro(Feild Background)
237,rtf_45.jpg,Rice Turgro(Feild Background)
238,rtf_46.jpg,Rice Turgro(Feild Background)
239,rtf_47.jpg,Rice Turgro(Feild Background)
240,rtf_48.jpg,Rice Turgro(Feild Background)
241,rtf_49.jpg,Rice Turgro(Feild Background)
242,rtf_5.jpg,Rice Turgro(Feild Background)
243,rtf_50.jpg,Rice Turgro(Feild Background)
244,rtf_51.jpg,Rice Turgro(Feild Background)
245,rtf_52.jpg,Rice Turgro(Feild Background)
246,rtf_53.jpg,Rice Turgro(Feild Background)
247,rtf_54.jpg,Rice Turgro(Feild Background)
248,rtf_55.jpg,Rice Turgro(Feild Background)
249,rtf_56.jpg,Rice Turgro(Feild Background)
250,rtf_57.jpg,Rice Turgro(Feild Background)
251,rtf_58.jpg,Rice Turgro(Feild Background)
252,rtf_59.jpg,Rice Turgro(Feild Background)
253,rtf_6.jpg,Rice Turgro(Feild Background)
254,rtf_60.jpg,Rice Turgro(Feild Background)
255,rtf_61.jpg,Rice Turgro(Feild Background)
256,rtf_62.jpg,Rice Turgro(Feild Background)
257,rtf_63.jpg,Rice Turgro(Feild Background)
258,rtf_64.jpg,Rice Turgro(Feild Background)
259,rtf_65.jpg,Rice Turgro(Feild Background)
260,rtf_66.jpg,Rice Turgro(Feild Background)
261,rtf_67.jpg,Rice Turgro(Feild Background)
262,rtf_68.jpg,Rice Turgro(Feild Background)
263,rtf_69.jpg,Rice Turgro(Feild Background)
264,rtf_7.jpg,Rice Turgro(Feild Background)
265,rtf_70.jpg,Rice Turgro(Feild Background)
266,rtf_71.jpg,Rice Turgro(Feild Background)
267,rtf_72.jpg,Rice Turgro(Feild Background)
268,rtf_73.jpg,Rice Turgro(Feild Background)
269,rtf_74.jpg,Rice Turgro(Feild Background)
270,rtf_75.jpg,Rice Turgro(Feild Background)
271,rtf_8.jpg,Rice Turgro(Feild Background)
272,rtf_9.jpg,Rice Turgro(Feild Background)
273,sbf_0.jpg,Sheath Blight(Feild Background)
274,sbf_1.jpg,Sheath Blight(Feild Background)
275,sbf_10.jpg,Sheath Blight(Feild Background)
276,sbf_11.jpg,Sheath Blight(Feild Background)
277,sbf_12.jpg,Sheath Blight(Feild Background)
278,sbf_13.jpg,Sheath Blight(Feild Background)
279,sbf_14.jpg,Sheath Blight(Feild Background)
280,sbf_15.jpg,Sheath Blight(Feild Background)
281,sbf_16.jpg,Sheath Blight(Feild Background)
282,sbf_17.jpg,Sheath Blight(Feild Background)
283,sbf_18.jpg,Sheath Blight(Feild Background)
284,sbf_19.jpg,Sheath Blight(Feild Background)
285,sbf_2.jpg,Sheath Blight(Feild Background)
286,sbf_20.jpg,Sheath Blight(Feild Background)
287,sbf_21.jpg,Sheath Blight(Feild Background)
288,sbf_22.jpg,Sheath Blight(Feild Background)
289,sbf_23.jpg,Sheath Blight(Feild Background)
290,sbf_24.jpg,Sheath Blight(Feild Background)
291,sbf_25.jpg,Sheath Blight(Feild Background)
292,sbf_26.jpg,Sheath Blight(Feild Background)
293,sbf_27.jpg,Sheath Blight(Feild Background)
294,sbf_28.jpg,Sheath Blight(Feild Background)
295,sbf_29.jpg,Sheath Blight(Feild Background)
296,sbf_3.jpg,Sheath Blight(Feild Background)
297,sbf_30.jpg,Sheath Blight(Feild Background)
298,sbf_31.jpg,Sheath Blight(Feild Background)
299,sbf_32.jpg,Sheath Blight(Feild Background)
300,sbf_33.jpg,Sheath Blight(Feild Background)
301,sbf_34.jpg,Sheath Blight(Feild Background)
302,sbf_35.jpg,Sheath Blight(Feild Background)
303,sbf_36.jpg,Sheath Blight(Feild Background)
304,sbf_37.jpg,Sheath Blight(Feild Background)
305,sbf_38.jpg,Sheath Blight(Feild Background)
306,sbf_39.jpg,Sheath Blight(Feild Background)
307,sbf_4.jpg,Sheath Blight(Feild Background)
308,sbf_40.jpg,Sheath Blight(Feild Background)
309,sbf_41.jpg,Sheath Blight(Feild Background)
310,sbf_42.jpg,Sheath Blight(Feild Background)
311,sbf_43.jpg,Sheath Blight(Feild Background)
312,sbf_44.jpg,Sheath Blight(Feild Background)
313,sbf_45.jpg,Sheath Blight(Feild Background)
314,sbf_46.jpg,Sheath Blight(Feild Background)
315,sbf_47.jpg,Sheath Blight(Feild Background)
316,sbf_48.jpg,Sheath Blight(Feild Background)
317,sbf_49.jpg,Sheath Blight(Feild Background)
318,sbf_5.jpg,Sheath Blight(Feild Background)
319,sbf_50.jpg,Sheath Blight(Feild Background)
320,sbf_51.jpg,Sheath Blight(Feild Background)
321,sbf_52.jpg,Sheath Blight(Feild Background)
322,sbf_53.jpg,Sheath Blight(Feild Background)
323,sbf_54.jpg,Sheath Blight(Feild Background)
324,sbf_55.jpg,Sheath Blight(Feild Background)
325,sbf_56.jpg,Sheath Blight(Feild Background)
326,sbf_57.jpg,Sheath Blight(Feild Background)
327,sbf_58.jpg,Sheath Blight(Feild Background)
328,sbf_59.jpg,Sheath Blight(Feild Background)
329,sbf_6.jpg,Sheath Blight(Feild Background)
330,sbf_60.jpg,Sheath Blight(Feild Background)
331,sbf_61.jpg,Sheath Blight(Feild Background)
332,sbf_62.jpg,Sheath Blight(Feild Background)
333,sbf_63.jpg,Sheath Blight(Feild Background)
334,sbf_7.jpg,Sheath Blight(Feild Background)
335,sbf_8.jpg,Sheath Blight(Feild Background)
336,sbf_9.jpg,Sheath Blight(Feild Background)
337,bs_wb_0.jpg,Brown Spot(white Background)
338,bs_wb_1.jpg,Brown Spot(white Background)
339,bs_wb_10.jpg,Brown Spot(white Background)
340,bs_wb_11.jpg,Brown Spot(white Background)
341,bs_wb_12.jpg,Brown Spot(white Background)
342,bs_wb_13.jpg,Brown Spot(white Background)
343,bs_wb_14.jpg,Brown Spot(white Background)
344,bs_wb_15.jpg,Brown Spot(white Background)
345,bs_wb_16.jpg,Brown Spot(white Background)
346,bs_wb_17.jpg,Brown Spot(white Background)
347,bs_wb_18.jpg,Brown Spot(white Background)
348,bs_wb_19.jpg,Brown Spot(white Background)
349,bs_wb_2.jpg,Brown Spot(white Background)
350,bs_wb_20.jpg,Brown Spot(white Background)
351,bs_wb_21.jpg,Brown Spot(white Background)
352,bs_wb_22.jpg,Brown Spot(white Background)
353,bs_wb_23.jpg,Brown Spot(white Background)
354,bs_wb_24.jpg,Brown Spot(white Background)
355,bs_wb_25.jpg,Brown Spot(white Background)
356,bs_wb_26.jpg,Brown Spot(white Background)
357,bs_wb_27.jpg,Brown Spot(white Background)
358,bs_wb_28.jpg,Brown Spot(white Background)
359,bs_wb_29.jpg,Brown Spot(white Background)
360,bs_wb_3.jpg,Brown Spot(white Background)
361,bs_wb_30.jpg,Brown Spot(white Background)
362,bs_wb_31.jpg,Brown Spot(white Background)
363,bs_wb_32.jpg,Brown Spot(white Background)
364,bs_wb_33.jpg,Brown Spot(white Background)
365,bs_wb_34.jpg,Brown Spot(white Background)
366,bs_wb_35.jpg,Brown Spot(white Background)
367,bs_wb_36.jpg,Brown Spot(white Background)
368,bs_wb_37.jpg,Brown Spot(white Background)
369,bs_wb_38.jpg,Brown Spot(white Background)
370,bs_wb_39.jpg,Brown Spot(white Background)
371,bs_wb_4.jpg,Brown Spot(white Background)
372,bs_wb_40.jpg,Brown Spot(white Background)
373,bs_wb_41.jpg,Brown Spot(white Background)
374,bs_wb_42.jpg,Brown Spot(white Background)
375,bs_wb_43.jpg,Brown Spot(white Background)
376,bs_wb_44.jpg,Brown Spot(white Background)
377,bs_wb_45.jpg,Brown Spot(white Background)
378,bs_wb_46.jpg,Brown Spot(white Background)
379,bs_wb_47.jpg,Brown Spot(white Background)
380,bs_wb_48.jpg,Brown Spot(white Background)
381,bs_wb_49.jpg,Brown Spot(white Background)
382,bs_wb_5.jpg,Brown Spot(white Background)
383,bs_wb_50.jpg,Brown Spot(white Background)
384,bs_wb_51.jpg,Brown Spot(white Background)
385,bs_wb_52.jpg,Brown Spot(white Background)
386,bs_wb_53.jpg,Brown Spot(white Background)
387,bs_wb_54.jpg,Brown Spot(white Background)
388,bs_wb_55.jpg,Brown Spot(white Background)
389,bs_wb_56.jpg,Brown Spot(white Background)
390,bs_wb_57.jpg,Brown Spot(white Background)
391,bs_wb_58.jpg,Brown Spot(white Background)
392,bs_wb_59.jpg,Brown Spot(white Background)
393,bs_wb_6.jpg,Brown Spot(white Background)
394,bs_wb_60.jpg,Brown Spot(white Background)
395,bs_wb_61.jpg,Brown Spot(white Background)
396,bs_wb_62.jpg,Brown Spot(white Background)
397,bs_wb_63.jpg,Brown Spot(white Background)
398,bs_wb_64.jpg,Brown Spot(white Background)
399,bs_wb_65.jpg,Brown Spot(white Background)
400,bs_wb_66.jpg,Brown Spot(white Background)
401,bs_wb_67.jpg,Brown Spot(white Background)
402,bs_wb_68.jpg,Brown Spot(white Background)
403,bs_wb_69.jpg,Brown Spot(white Background)
404,bs_wb_7.jpg,Brown Spot(white Background)
405,bs_wb_70.jpg,Brown Spot(white Background)
406,bs_wb_71.jpg,Brown Spot(white Background)
407,bs_wb_72.jpg,Brown Spot(white Background)
408,bs_wb_73.jpg,Brown Spot(white Background)
409,bs_wb_74.jpg,Brown Spot(white Background)
410,bs_wb_75.jpg,Brown Spot(white Background)
411,bs_wb_76.jpg,Brown Spot(white Background)
412,bs_wb_77.jpg,Brown Spot(white Background)
413,bs_wb_78.jpg,Brown Spot(white Background)
414,bs_wb_79.jpg,Brown Spot(white Background)
415,bs_wb_8.jpg,Brown Spot(white Background)
416,bs_wb_80.jpg,Brown Spot(white Background)
417,bs_wb_81.jpg,Brown Spot(white Background)
418,bs_wb_82.jpg,Brown Spot(white Background)
419,bs_wb_83.jpg,Brown Spot(white Background)
420,bs_wb_84.jpg,Brown Spot(white Background)
421,bs_wb_85.jpg,Brown Spot(white Background)
422,bs_wb_86.jpg,Brown Spot(white Background)
423,bs_wb_87.jpg,Brown Spot(white Background)
424,bs_wb_88.jpg,Brown Spot(white Background)
425,bs_wb_89.jpg,Brown Spot(white Background)
426,bs_wb_9.jpg,Brown Spot(white Background)
427,ls_wb_0.jpg,Leaf Scaled(white Background)
428,ls_wb_1.jpg,Leaf Scaled(white Background)
429,ls_wb_10.jpg,Leaf Scaled(white Background)
430,ls_wb_100.jpg,Leaf Scaled(white Background)
431,ls_wb_101.jpg,Leaf Scaled(white Background)
432,ls_wb_102.jpg,Leaf Scaled(white Background)
433,ls_wb_103.jpg,Leaf Scaled(white Background)
434,ls_wb_104.jpg,Leaf Scaled(white Background)
435,ls_wb_105.jpg,Leaf Scaled(white Background)
436,ls_wb_106.jpg,Leaf Scaled(white Background)
437,ls_wb_107.jpg,Leaf Scaled(white Background)
438,ls_wb_108.jpg,Leaf Scaled(white Background)
439,ls_wb_109.jpg,Leaf Scaled(white Background)
440,ls_wb_11.jpg,Leaf Scaled(white Background)
441,ls_wb_110.jpg,Leaf Scaled(white Background)
442,ls_wb_111.jpg,Leaf Scaled(white Background)
443,ls_wb_112.jpg,Leaf Scaled(white Background)
444,ls_wb_113.jpg,Leaf Scaled(white Background)
445,ls_wb_114.jpg,Leaf Scaled(white Background)
446,ls_wb_115.jpg,Leaf Scaled(white Background)
447,ls_wb_116.jpg,Leaf Scaled(white Background)
448,ls_wb_117.jpg,Leaf Scaled(white Background)
449,ls_wb_118.jpg,Leaf Scaled(white Background)
450,ls_wb_119.jpg,Leaf Scaled(white Background)
451,ls_wb_12.jpg,Leaf Scaled(white Background)
452,ls_wb_120.jpg,Leaf Scaled(white Background)
453,ls_wb_121.jpg,Leaf Scaled(white Background)
454,ls_wb_122.jpg,Leaf Scaled(white Background)
455,ls_wb_123.jpg,Leaf Scaled(white Background)
456,ls_wb_124.jpg,Leaf Scaled(white Background)
457,ls_wb_125.jpg,Leaf Scaled(white Background)
458,ls_wb_126.jpg,Leaf Scaled(white Background)
459,ls_wb_127.jpg,Leaf Scaled(white Background)
460,ls_wb_128.jpg,Leaf Scaled(white Background)
461,ls_wb_129.jpg,Leaf Scaled(white Background)
462,ls_wb_13.jpg,Leaf Scaled(white Background)
463,ls_wb_130.jpg,Leaf Scaled(white Background)
464,ls_wb_131.jpg,Leaf Scaled(white Background)
465,ls_wb_132.jpg,Leaf Scaled(white Background)
466,ls_wb_133.jpg,Leaf Scaled(white Background)
467,ls_wb_134.jpg,Leaf Scaled(white Background)
468,ls_wb_135.jpg,Leaf Scaled(white Background)
469,ls_wb_136.jpg,Leaf Scaled(white Background)
470,ls_wb_137.jpg,Leaf Scaled(white Background)
471,ls_wb_138.jpg,Leaf Scaled(white Background)
472,ls_wb_139.jpg,Leaf Scaled(white Background)
473,ls_wb_14.jpg,Leaf Scaled(white Background)
474,ls_wb_140.jpg,Leaf Scaled(white Background)
475,ls_wb_141.jpg,Leaf Scaled(white Background)
476,ls_wb_142.jpg,Leaf Scaled(white Background)
477,ls_wb_15.jpg,Leaf Scaled(white Background)
478,ls_wb_16.jpg,Leaf Scaled(white Background)
479,ls_wb_17.jpg,Leaf Scaled(white Background)
480,ls_wb_18.jpg,Leaf Scaled(white Background)
481,ls_wb_19.jpg,Leaf Scaled(white Background)
482,ls_wb_2.jpg,Leaf Scaled(white Background)
483,ls_wb_20.jpg,Leaf Scaled(white Background)
484,ls_wb_21.jpg,Leaf Scaled(white Background)
485,ls_wb_22.jpg,Leaf Scaled(white Background)
486,ls_wb_23.jpg,Leaf Scaled(white Background)
487,ls_wb_24.jpg,Leaf Scaled(white Background)
488,ls_wb_25.jpg,Leaf Scaled(white Background)
489,ls_wb_26.jpg,Leaf Scaled(white Background)
490,ls_wb_27.jpg,Leaf Scaled(white Background)
491,ls_wb_28.jpg,Leaf Scaled(white Background)
492,ls_wb_29.jpg,Leaf Scaled(white Background)
493,ls_wb_3.jpg,Leaf Scaled(white Background)
494,ls_wb_30.jpg,Leaf Scaled(white Background)
495,ls_wb_31.jpg,Leaf Scaled(white Background)
496,ls_wb_32.jpg,Leaf Scaled(white Background)
497,ls_wb_33.jpg,Leaf Scaled(white Background)
498,ls_wb_34.jpg,Leaf Scaled(white Background)
499,ls_wb_35.jpg,Leaf Scaled(white Background)
500,ls_wb_36.jpg,Leaf Scaled(white Background)
501,ls_wb_37.jpg,Leaf Scaled(white Background)
502,ls_wb_38.jpg,Leaf Scaled(white Background)
503,ls_wb_39.jpg,Leaf Scaled(white Background)
504,ls_wb_4.jpg,Leaf Scaled(white Background)
505,ls_wb_40.jpg,Leaf Scaled(white Background)
506,ls_wb_41.jpg,Leaf Scaled(white Background)
507,ls_wb_42.jpg,Leaf Scaled(white Background)
508,ls_wb_43.jpg,Leaf Scaled(white Background)
509,ls_wb_44.jpg,Leaf Scaled(white Background)
510,ls_wb_45.jpg,Leaf Scaled(white Background)
511,ls_wb_46.jpg,Leaf Scaled(white Background)
512,ls_wb_47.jpg,Leaf Scaled(white Background)
513,ls_wb_48.jpg,Leaf Scaled(white Background)
514,ls_wb_49.jpg,Leaf Scaled(white Background)
515,ls_wb_5.jpg,Leaf Scaled(white Background)
516,ls_wb_50.jpg,Leaf Scaled(white Background)
517,ls_wb_51.jpg,Leaf Scaled(white Background)
518,ls_wb_52.jpg,Leaf Scaled(white Background)
519,ls_wb_53.jpg,Leaf Scaled(white Background)
520,ls_wb_54.jpg,Leaf Scaled(white Background)
521,ls_wb_55.jpg,Leaf Scaled(white Background)
522,ls_wb_56.jpg,Leaf Scaled(white Background)
523,ls_wb_57.jpg,Leaf Scaled(white Background)
524,ls_wb_58.jpg,Leaf Scaled(white Background)
525,ls_wb_59.jpg,Leaf Scaled(white Background)
526,ls_wb_6.jpg,Leaf Scaled(white Background)
527,ls_wb_60.jpg,Leaf Scaled(white Background)
528,ls_wb_61.jpg,Leaf Scaled(white Background)
529,ls_wb_62.jpg,Leaf Scaled(white Background)
530,ls_wb_63.jpg,Leaf Scaled(white Background)
531,ls_wb_64.jpg,Leaf Scaled(white Background)
532,ls_wb_65.jpg,Leaf Scaled(white Background)
533,ls_wb_66.jpg,Leaf Scaled(white Background)
534,ls_wb_67.jpg,Leaf Scaled(white Background)
535,ls_wb_68.jpg,Leaf Scaled(white Background)
536,ls_wb_69.jpg,Leaf Scaled(white Background)
537,ls_wb_7.jpg,Leaf Scaled(white Background)
538,ls_wb_70.jpg,Leaf Scaled(white Background)
539,ls_wb_71.jpg,Leaf Scaled(white Background)
540,ls_wb_72.jpg,Leaf Scaled(white Background)
541,ls_wb_73.jpg,Leaf Scaled(white Background)
542,ls_wb_74.jpg,Leaf Scaled(white Background)
543,ls_wb_75.jpg,Leaf Scaled(white Background)
544,ls_wb_76.jpg,Leaf Scaled(white Background)
545,ls_wb_77.jpg,Leaf Scaled(white Background)
546,ls_wb_78.jpg,Leaf Scaled(white Background)
547,ls_wb_79.jpg,Leaf Scaled(white Background)
548,ls_wb_8.jpg,Leaf Scaled(white Background)
549,ls_wb_80.jpg,Leaf Scaled(white Background)
550,ls_wb_81.jpg,Leaf Scaled(white Background)
551,ls_wb_82.jpg,Leaf Scaled(white Background)
552,ls_wb_83.jpg,Leaf Scaled(white Background)
553,ls_wb_84.jpg,Leaf Scaled(white Background)
554,ls_wb_85.jpg,Leaf Scaled(white Background)
555,ls_wb_86.jpg,Leaf Scaled(white Background)
556,ls_wb_87.jpg,Leaf Scaled(white Background)
557,ls_wb_88.jpg,Leaf Scaled(white Background)
558,ls_wb_89.jpg,Leaf Scaled(white Background)
559,ls_wb_9.jpg,Leaf Scaled(white Background)
560,ls_wb_90.jpg,Leaf Scaled(white Background)
561,ls_wb_91.jpg,Leaf Scaled(white Background)
562,ls_wb_92.jpg,Leaf Scaled(white Background)
563,ls_wb_93.jpg,Leaf Scaled(white Background)
564,ls_wb_94.jpg,Leaf Scaled(white Background)
565,ls_wb_95.jpg,Leaf Scaled(white Background)
566,ls_wb_96.jpg,Leaf Scaled(white Background)
567,ls_wb_97.jpg,Leaf Scaled(white Background)
568,ls_wb_98.jpg,Leaf Scaled(white Background)
569,ls_wb_99.jpg,Leaf Scaled(white Background)
570,rb_wb_0.jpg,Rice Blast(white Background)
571,rb_wb_1.jpg,Rice Blast(white Background)
572,rb_wb_10.jpg,Rice Blast(white Background)
573,rb_wb_100.jpg,Rice Blast(white Background)
574,rb_wb_101.jpg,Rice Blast(white Background)
575,rb_wb_102.jpg,Rice Blast(white Background)
576,rb_wb_103.jpg,Rice Blast(white Background)
577,rb_wb_104.jpg,Rice Blast(white Background)
578,rb_wb_105.jpg,Rice Blast(white Background)
579,rb_wb_106.jpg,Rice Blast(white Background)
580,rb_wb_107.jpg,Rice Blast(white Background)
581,rb_wb_108.jpg,Rice Blast(white Background)
582,rb_wb_109.jpg,Rice Blast(white Background)
583,rb_wb_11.jpg,Rice Blast(white Background)
584,rb_wb_110.jpg,Rice Blast(white Background)
585,rb_wb_111.jpg,Rice Blast(white Background)
586,rb_wb_112.jpg,Rice Blast(white Background)
587,rb_wb_113.jpg,Rice Blast(white Background)
588,rb_wb_114.jpg,Rice Blast(white Background)
589,rb_wb_115.jpg,Rice Blast(white Background)
590,rb_wb_116.jpg,Rice Blast(white Background)
591,rb_wb_117.jpg,Rice Blast(white Background)
592,rb_wb_118.jpg,Rice Blast(white Background)
593,rb_wb_119.jpg,Rice Blast(white Background)
594,rb_wb_12.jpg,Rice Blast(white Background)
595,rb_wb_120.jpg,Rice Blast(white Background)
596,rb_wb_121.jpg,Rice Blast(white Background)
597,rb_wb_122.jpg,Rice Blast(white Background)
598,rb_wb_123.jpg,Rice Blast(white Background)
599,rb_wb_124.jpg,Rice Blast(white Background)
600,rb_wb_125.jpg,Rice Blast(white Background)
601,rb_wb_126.jpg,Rice Blast(white Background)
602,rb_wb_127.jpg,Rice Blast(white Background)
603,rb_wb_128.jpg,Rice Blast(white Background)
604,rb_wb_129.jpg,Rice Blast(white Background)
605,rb_wb_13.jpg,Rice Blast(white Background)
606,rb_wb_130.jpg,Rice Blast(white Background)
607,rb_wb_131.jpg,Rice Blast(white Background)
608,rb_wb_132.jpg,Rice Blast(white Background)
609,rb_wb_133.jpg,Rice Blast(white Background)
610,rb_wb_134.jpg,Rice Blast(white Background)
611,rb_wb_135.jpg,Rice Blast(white Background)
612,rb_wb_136.jpg,Rice Blast(white Background)
613,rb_wb_137.jpg,Rice Blast(white Background)
614,rb_wb_138.jpg,Rice Blast(white Background)
615,rb_wb_139.jpg,Rice Blast(white Background)
616,rb_wb_14.jpg,Rice Blast(white Background)
617,rb_wb_140.jpg,Rice Blast(white Background)
618,rb_wb_141.jpg,Rice Blast(white Background)
619,rb_wb_142.jpg,Rice Blast(white Background)
620,rb_wb_143.jpg,Rice Blast(white Background)
621,rb_wb_144.jpg,Rice Blast(white Background)
622,rb_wb_145.jpg,Rice Blast(white Background)
623,rb_wb_146.jpg,Rice Blast(white Background)
624,rb_wb_147.jpg,Rice Blast(white Background)
625,rb_wb_148.jpg,Rice Blast(white Background)
626,rb_wb_149.jpg,Rice Blast(white Background)
627,rb_wb_15.jpg,Rice Blast(white Background)
628,rb_wb_150.jpg,Rice Blast(white Background)
629,rb_wb_151.jpg,Rice Blast(white Background)
630,rb_wb_152.jpg,Rice Blast(white Background)
631,rb_wb_153.jpg,Rice Blast(white Background)
632,rb_wb_154.jpg,Rice Blast(white Background)
633,rb_wb_155.jpg,Rice Blast(white Background)
634,rb_wb_156.jpg,Rice Blast(white Background)
635,rb_wb_157.jpg,Rice Blast(white Background)
636,rb_wb_158.jpg,Rice Blast(white Background)
637,rb_wb_159.jpg,Rice Blast(white Background)
638,rb_wb_16.jpg,Rice Blast(white Background)
639,rb_wb_160.jpg,Rice Blast(white Background)
640,rb_wb_161.jpg,Rice Blast(white Background)
641,rb_wb_162.jpg,Rice Blast(white Background)
642,rb_wb_163.jpg,Rice Blast(white Background)
643,rb_wb_164.jpg,Rice Blast(white Background)
644,rb_wb_165.jpg,Rice Blast(white Background)
645,rb_wb_166.jpg,Rice Blast(white Background)
646,rb_wb_167.jpg,Rice Blast(white Background)
647,rb_wb_168.jpg,Rice Blast(white Background)
648,rb_wb_169.jpg,Rice Blast(white Background)
649,rb_wb_17.jpg,Rice Blast(white Background)
650,rb_wb_170.jpg,Rice Blast(white Background)
651,rb_wb_171.jpg,Rice Blast(white Background)
652,rb_wb_172.jpg,Rice Blast(white Background)
653,rb_wb_173.jpg,Rice Blast(white Background)
654,rb_wb_174.jpg,Rice Blast(white Background)
655,rb_wb_175.jpg,Rice Blast(white Background)
656,rb_wb_176.jpg,Rice Blast(white Background)
657,rb_wb_177.jpg,Rice Blast(white Background)
658,rb_wb_178.jpg,Rice Blast(white Background)
659,rb_wb_179.jpg,Rice Blast(white Background)
660,rb_wb_18.jpg,Rice Blast(white Background)
661,rb_wb_180.jpg,Rice Blast(white Background)
662,rb_wb_181.jpg,Rice Blast(white Background)
663,rb_wb_182.jpg,Rice Blast(white Background)
664,rb_wb_183.jpg,Rice Blast(white Background)
665,rb_wb_184.jpg,Rice Blast(white Background)
666,rb_wb_185.jpg,Rice Blast(white Background)
667,rb_wb_186.jpg,Rice Blast(white Background)
668,rb_wb_187.jpg,Rice Blast(white Background)
669,rb_wb_188.jpg,Rice Blast(white Background)
670,rb_wb_189.jpg,Rice Blast(white Background)
671,rb_wb_19.jpg,Rice Blast(white Background)
672,rb_wb_190.jpg,Rice Blast(white Background)
673,rb_wb_191.jpg,Rice Blast(white Background)
674,rb_wb_192.jpg,Rice Blast(white Background)
675,rb_wb_193.jpg,Rice Blast(white Background)
676,rb_wb_194.jpg,Rice Blast(white Background)
677,rb_wb_195.jpg,Rice Blast(white Background)
678,rb_wb_196.jpg,Rice Blast(white Background)
679,rb_wb_197.jpg,Rice Blast(white Background)
680,rb_wb_2.jpg,Rice Blast(white Background)
681,rb_wb_20.jpg,Rice Blast(white Background)
682,rb_wb_21.jpg,Rice Blast(white Background)
683,rb_wb_22.jpg,Rice Blast(white Background)
684,rb_wb_23.jpg,Rice Blast(white Background)
685,rb_wb_24.jpg,Rice Blast(white Background)
686,rb_wb_25.jpg,Rice Blast(white Background)
687,rb_wb_26.jpg,Rice Blast(white Background)
688,rb_wb_27.jpg,Rice Blast(white Background)
689,rb_wb_28.jpg,Rice Blast(white Background)
690,rb_wb_29.jpg,Rice Blast(white Background)
691,rb_wb_3.jpg,Rice Blast(white Background)
692,rb_wb_30.jpg,Rice Blast(white Background)
693,rb_wb_31.jpg,Rice Blast(white Background)
694,rb_wb_32.jpg,Rice Blast(white Background)
695,rb_wb_33.jpg,Rice Blast(white Background)
696,rb_wb_34.jpg,Rice Blast(white Background)
697,rb_wb_35.jpg,Rice Blast(white Background)
698,rb_wb_36.jpg,Rice Blast(white Background)
699,rb_wb_37.jpg,Rice Blast(white Background)
700,rb_wb_38.jpg,Rice Blast(white Background)
701,rb_wb_39.jpg,Rice Blast(white Background)
702,rb_wb_4.jpg,Rice Blast(white Background)
703,rb_wb_40.jpg,Rice Blast(white Background)
704,rb_wb_41.jpg,Rice Blast(white Background)
705,rb_wb_42.jpg,Rice Blast(white Background)
706,rb_wb_43.jpg,Rice Blast(white Background)
707,rb_wb_44.jpg,Rice Blast(white Background)
708,rb_wb_45.jpg,Rice Blast(white Background)
709,rb_wb_46.jpg,Rice Blast(white Background)
710,rb_wb_47.jpg,Rice Blast(white Background)
711,rb_wb_48.jpg,Rice Blast(white Background)
712,rb_wb_49.jpg,Rice Blast(white Background)
713,rb_wb_5.jpg,Rice Blast(white Background)
714,rb_wb_50.jpg,Rice Blast(white Background)
715,rb_wb_51.jpg,Rice Blast(white Background)
716,rb_wb_52.jpg,Rice Blast(white Background)
717,rb_wb_53.jpg,Rice Blast(white Background)
718,rb_wb_54.jpg,Rice Blast(white Background)
719,rb_wb_55.jpg,Rice Blast(white Background)
720,rb_wb_56.jpg,Rice Blast(white Background)
721,rb_wb_57.jpg,Rice Blast(white Background)
722,rb_wb_58.jpg,Rice Blast(white Background)
723,rb_wb_59.jpg,Rice Blast(white Background)
724,rb_wb_6.jpg,Rice Blast(white Background)
725,rb_wb_60.jpg,Rice Blast(white Background)
726,rb_wb_61.jpg,Rice Blast(white Background)
727,rb_wb_62.jpg,Rice Blast(white Background)
728,rb_wb_63.jpg,Rice Blast(white Background)
729,rb_wb_64.jpg,Rice Blast(white Background)
730,rb_wb_65.jpg,Rice Blast(white Background)
731,rb_wb_66.jpg,Rice Blast(white Background)
732,rb_wb_67.jpg,Rice Blast(white Background)
733,rb_wb_68.jpg,Rice Blast(white Background)
734,rb_wb_69.jpg,Rice Blast(white Background)
735,rb_wb_7.jpg,Rice Blast(white Background)
736,rb_wb_70.jpg,Rice Blast(white Background)
737,rb_wb_71.jpg,Rice Blast(white Background)
738,rb_wb_72.jpg,Rice Blast(white Background)
739,rb_wb_73.jpg,Rice Blast(white Background)
740,rb_wb_74.jpg,Rice Blast(white Background)
741,rb_wb_75.jpg,Rice Blast(white Background)
742,rb_wb_76.jpg,Rice Blast(white Background)
743,rb_wb_77.jpg,Rice Blast(white Background)
744,rb_wb_78.jpg,Rice Blast(white Background)
745,rb_wb_79.jpg,Rice Blast(white Background)
746,rb_wb_8.jpg,Rice Blast(white Background)
747,rb_wb_80.jpg,Rice Blast(white Background)
748,rb_wb_81.jpg,Rice Blast(white Background)
749,rb_wb_82.jpg,Rice Blast(white Background)
750,rb_wb_83.jpg,Rice Blast(white Background)
751,rb_wb_84.jpg,Rice Blast(white Background)
752,rb_wb_85.jpg,Rice Blast(white Background)
753,rb_wb_86.jpg,Rice Blast(white Background)
754,rb_wb_87.jpg,Rice Blast(white Background)
755,rb_wb_88.jpg,Rice Blast(white Background)
756,rb_wb_89.jpg,Rice Blast(white Background)
757,rb_wb_9.jpg,Rice Blast(white Background)
758,rb_wb_90.jpg,Rice Blast(white Background)
759,rb_wb_91.jpg,Rice Blast(white Background)
760,rb_wb_92.jpg,Rice Blast(white Background)
761,rb_wb_93.jpg,Rice Blast(white Background)
762,rb_wb_94.jpg,Rice Blast(white Background)
763,rb_wb_95.jpg,Rice Blast(white Background)
764,rb_wb_96.jpg,Rice Blast(white Background)
765,rb_wb_97.jpg,Rice Blast(white Background)
766,rb_wb_98.jpg,Rice Blast(white Background)
767,rb_wb_99.jpg,Rice Blast(white Background)
768,rt_wb_0.jpg,Rice Tungro(white Background)
769,rt_wb_1.jpg,Rice Tungro(white Background)
770,rt_wb_10.jpg,Rice Tungro(white Background)
771,rt_wb_100.jpg,Rice Tungro(white Background)
772,rt_wb_101.jpg,Rice Tungro(white Background)
773,rt_wb_102.jpg,Rice Tungro(white Background)
774,rt_wb_103.jpg,Rice Tungro(white Background)
775,rt_wb_104.jpg,Rice Tungro(white Background)
776,rt_wb_105.jpg,Rice Tungro(white Background)
777,rt_wb_106.jpg,Rice Tungro(white Background)
778,rt_wb_107.jpg,Rice Tungro(white Background)
779,rt_wb_108.jpg,Rice Tungro(white Background)
780,rt_wb_109.jpg,Rice Tungro(white Background)
781,rt_wb_11.jpg,Rice Tungro(white Background)
782,rt_wb_110.jpg,Rice Tungro(white Background)
783,rt_wb_111.jpg,Rice Tungro(white Background)
784,rt_wb_112.jpg,Rice Tungro(white Background)
785,rt_wb_113.jpg,Rice Tungro(white Background)
786,rt_wb_114.jpg,Rice Tungro(white Background)
787,rt_wb_115.jpg,Rice Tungro(white Background)
788,rt_wb_116.jpg,Rice Tungro(white Background)
789,rt_wb_117.jpg,Rice Tungro(white Background)
790,rt_wb_118.jpg,Rice Tungro(white Background)
791,rt_wb_12.jpg,Rice Tungro(white Background)
792,rt_wb_13.jpg,Rice Tungro(white Background)
793,rt_wb_14.jpg,Rice Tungro(white Background)
794,rt_wb_15.jpg,Rice Tungro(white Background)
795,rt_wb_16.jpg,Rice Tungro(white Background)
796,rt_wb_17.jpg,Rice Tungro(white Background)
797,rt_wb_18.jpg,Rice Tungro(white Background)
798,rt_wb_19.jpg,Rice Tungro(white Background)
799,rt_wb_2.jpg,Rice Tungro(white Background)
800,rt_wb_20.jpg,Rice Tungro(white Background)
801,rt_wb_21.jpg,Rice Tungro(white Background)
802,rt_wb_22.jpg,Rice Tungro(white Background)
803,rt_wb_23.jpg,Rice Tungro(white Background)
804,rt_wb_24.jpg,Rice Tungro(white Background)
805,rt_wb_25.jpg,Rice Tungro(white Background)
806,rt_wb_26.jpg,Rice Tungro(white Background)
807,rt_wb_27.jpg,Rice Tungro(white Background)
808,rt_wb_28.jpg,Rice Tungro(white Background)
809,rt_wb_29.jpg,Rice Tungro(white Background)
810,rt_wb_3.jpg,Rice Tungro(white Background)
811,rt_wb_30.jpg,Rice Tungro(white Background)
812,rt_wb_31.jpg,Rice Tungro(white Background)
813,rt_wb_32.jpg,Rice Tungro(white Background)
814,rt_wb_33.jpg,Rice Tungro(white Background)
815,rt_wb_34.jpg,Rice Tungro(white Background)
816,rt_wb_35.jpg,Rice Tungro(white Background)
817,rt_wb_36.jpg,Rice Tungro(white Background)
818,rt_wb_37.jpg,Rice Tungro(white Background)
819,rt_wb_38.jpg,Rice Tungro(white Background)
820,rt_wb_39.jpg,Rice Tungro(white Background)
821,rt_wb_4.jpg,Rice Tungro(white Background)
822,rt_wb_40.jpg,Rice Tungro(white Background)
823,rt_wb_41.jpg,Rice Tungro(white Background)
824,rt_wb_42.jpg,Rice Tungro(white Background)
825,rt_wb_43.jpg,Rice Tungro(white Background)
826,rt_wb_44.jpg,Rice Tungro(white Background)
827,rt_wb_45.jpg,Rice Tungro(white Background)
828,rt_wb_46.jpg,Rice Tungro(white Background)
829,rt_wb_47.jpg,Rice Tungro(white Background)
830,rt_wb_48.jpg,Rice Tungro(white Background)
831,rt_wb_49.jpg,Rice Tungro(white Background)
832,rt_wb_5.jpg,Rice Tungro(white Background)
833,rt_wb_50.jpg,Rice Tungro(white Background)
834,rt_wb_51.jpg,Rice Tungro(white Background)
835,rt_wb_52.jpg,Rice Tungro(white Background)
836,rt_wb_53.jpg,Rice Tungro(white Background)
837,rt_wb_54.jpg,Rice Tungro(white Background)
838,rt_wb_55.jpg,Rice Tungro(white Background)
839,rt_wb_56.jpg,Rice Tungro(white Background)
840,rt_wb_57.jpg,Rice Tungro(white Background)
841,rt_wb_58.jpg,Rice Tungro(white Background)
842,rt_wb_59.jpg,Rice Tungro(white Background)
843,rt_wb_6.jpg,Rice Tungro(white Background)
844,rt_wb_60.jpg,Rice Tungro(white Background)
845,rt_wb_61.jpg,Rice Tungro(white Background)
846,rt_wb_62.jpg,Rice Tungro(white Background)
847,rt_wb_63.jpg,Rice Tungro(white Background)
848,rt_wb_64.jpg,Rice Tungro(white Background)
849,rt_wb_65.jpg,Rice Tungro(white Background)
850,rt_wb_66.jpg,Rice Tungro(white Background)
851,rt_wb_67.jpg,Rice Tungro(white Background)
852,rt_wb_68.jpg,Rice Tungro(white Background)
853,rt_wb_69.jpg,Rice Tungro(white Background)
854,rt_wb_7.jpg,Rice Tungro(white Background)
855,rt_wb_70.jpg,Rice Tungro(white Background)
856,rt_wb_71.jpg,Rice Tungro(white Background)
857,rt_wb_72.jpg,Rice Tungro(white Background)
858,rt_wb_73.jpg,Rice Tungro(white Background)
859,rt_wb_74.jpg,Rice Tungro(white Background)
860,rt_wb_75.jpg,Rice Tungro(white Background)
861,rt_wb_76.jpg,Rice Tungro(white Background)
862,rt_wb_77.jpg,Rice Tungro(white Background)
863,rt_wb_78.jpg,Rice Tungro(white Background)
864,rt_wb_79.jpg,Rice Tungro(white Background)
865,rt_wb_8.jpg,Rice Tungro(white Background)
866,rt_wb_80.jpg,Rice Tungro(white Background)
867,rt_wb_81.jpg,Rice Tungro(white Background)
868,rt_wb_82.jpg,Rice Tungro(white Background)
869,rt_wb_83.jpg,Rice Tungro(white Background)
870,rt_wb_84.jpg,Rice Tungro(white Background)
871,rt_wb_85.jpg,Rice Tungro(white Background)
872,rt_wb_86.jpg,Rice Tungro(white Background)
873,rt_wb_87.jpg,Rice Tungro(white Background)
874,rt_wb_88.jpg,Rice Tungro(white Background)
875,rt_wb_89.jpg,Rice Tungro(white Background)
876,rt_wb_9.jpg,Rice Tungro(white Background)
877,rt_wb_90.jpg,Rice Tungro(white Background)
878,rt_wb_91.jpg,Rice Tungro(white Background)
879,rt_wb_92.jpg,Rice Tungro(white Background)
880,rt_wb_93.jpg,Rice Tungro(white Background)
881,rt_wb_94.jpg,Rice Tungro(white Background)
882,rt_wb_95.jpg,Rice Tungro(white Background)
883,rt_wb_96.jpg,Rice Tungro(white Background)
884,rt_wb_97.jpg,Rice Tungro(white Background)
885,rt_wb_98.jpg,Rice Tungro(white Background)
886,rt_wb_99.jpg,Rice Tungro(white Background)
887,sb_wb_0.jpg,Shath Blight(white Background)
888,sb_wb_1.jpg,Shath Blight(white Background)
889,sb_wb_10.jpg,Shath Blight(white Background)
890,sb_wb_100.jpg,Shath Blight(white Background)
891,sb_wb_101.jpg,Shath Blight(white Background)
892,sb_wb_102.jpg,Shath Blight(white Background)
893,sb_wb_103.jpg,Shath Blight(white Background)
894,sb_wb_104.jpg,Shath Blight(white Background)
895,sb_wb_105.jpg,Shath Blight(white Background)
896,sb_wb_106.jpg,Shath Blight(white Background)
897,sb_wb_107.jpg,Shath Blight(white Background)
898,sb_wb_108.jpg,Shath Blight(white Background)
899,sb_wb_109.jpg,Shath Blight(white Background)
900,sb_wb_11.jpg,Shath Blight(white Background)
901,sb_wb_110.jpg,Shath Blight(white Background)
902,sb_wb_111.jpg,Shath Blight(white Background)
903,sb_wb_112.jpg,Shath Blight(white Background)
904,sb_wb_113.jpg,Shath Blight(white Background)
905,sb_wb_114.jpg,Shath Blight(white Background)
906,sb_wb_115.jpg,Shath Blight(white Background)
907,sb_wb_116.jpg,Shath Blight(white Background)
908,sb_wb_117.jpg,Shath Blight(white Background)
909,sb_wb_118.jpg,Shath Blight(white Background)
910,sb_wb_119.jpg,Shath Blight(white Background)
911,sb_wb_12.jpg,Shath Blight(white Background)
912,sb_wb_120.jpg,Shath Blight(white Background)
913,sb_wb_121.jpg,Shath Blight(white Background)
914,sb_wb_122.jpg,Shath Blight(white Background)
915,sb_wb_123.jpg,Shath Blight(white Background)
916,sb_wb_124.jpg,Shath Blight(white Background)
917,sb_wb_125.jpg,Shath Blight(white Background)
918,sb_wb_126.jpg,Shath Blight(white Background)
919,sb_wb_127.jpg,Shath Blight(white Background)
920,sb_wb_128.jpg,Shath Blight(white Background)
921,sb_wb_129.jpg,Shath Blight(white Background)
922,sb_wb_13.jpg,Shath Blight(white Background)
923,sb_wb_130.jpg,Shath Blight(white Background)
924,sb_wb_131.jpg,Shath Blight(white Background)
925,sb_wb_132.jpg,Shath Blight(white Background)
926,sb_wb_133.jpg,Shath Blight(white Background)
927,sb_wb_134.jpg,Shath Blight(white Background)
928,sb_wb_135.jpg,Shath Blight(white Background)
929,sb_wb_136.jpg,Shath Blight(white Background)
930,sb_wb_137.jpg,Shath Blight(white Background)
931,sb_wb_138.jpg,Shath Blight(white Background)
932,sb_wb_139.jpg,Shath Blight(white Background)
933,sb_wb_14.jpg,Shath Blight(white Background)
934,sb_wb_140.jpg,Shath Blight(white Background)
935,sb_wb_141.jpg,Shath Blight(white Background)
936,sb_wb_142.jpg,Shath Blight(white Background)
937,sb_wb_143.jpg,Shath Blight(white Background)
938,sb_wb_144.jpg,Shath Blight(white Background)
939,sb_wb_145.jpg,Shath Blight(white Background)
940,sb_wb_146.jpg,Shath Blight(white Background)
941,sb_wb_147.jpg,Shath Blight(white Background)
942,sb_wb_148.jpg,Shath Blight(white Background)
943,sb_wb_149.jpg,Shath Blight(white Background)
944,sb_wb_15.jpg,Shath Blight(white Background)
945,sb_wb_150.jpg,Shath Blight(white Background)
946,sb_wb_151.jpg,Shath Blight(white Background)
947,sb_wb_152.jpg,Shath Blight(white Background)
948,sb_wb_153.jpg,Shath Blight(white Background)
949,sb_wb_154.jpg,Shath Blight(white Background)
950,sb_wb_155.jpg,Shath Blight(white Background)
951,sb_wb_156.jpg,Shath Blight(white Background)
952,sb_wb_157.jpg,Shath Blight(white Background)
953,sb_wb_158.jpg,Shath Blight(white Background)
954,sb_wb_159.jpg,Shath Blight(white Background)
955,sb_wb_16.jpg,Shath Blight(white Background)
956,sb_wb_160.jpg,Shath Blight(white Background)
957,sb_wb_161.jpg,Shath Blight(white Background)
958,sb_wb_162.jpg,Shath Blight(white Background)
959,sb_wb_163.jpg,Shath Blight(white Background)
960,sb_wb_164.jpg,Shath Blight(white Background)
961,sb_wb_165.jpg,Shath Blight(white Background)
962,sb_wb_166.jpg,Shath Blight(white Background)
963,sb_wb_167.jpg,Shath Blight(white Background)
964,sb_wb_168.jpg,Shath Blight(white Background)
965,sb_wb_169.jpg,Shath Blight(white Background)
966,sb_wb_17.jpg,Shath Blight(white Background)
967,sb_wb_170.jpg,Shath Blight(white Background)
968,sb_wb_171.jpg,Shath Blight(white Background)
969,sb_wb_172.jpg,Shath Blight(white Background)
970,sb_wb_173.jpg,Shath Blight(white Background)
971,sb_wb_174.jpg,Shath Blight(white Background)
972,sb_wb_175.jpg,Shath Blight(white Background)
973,sb_wb_176.jpg,Shath Blight(white Background)
974,sb_wb_177.jpg,Shath Blight(white Background)
975,sb_wb_178.jpg,Shath Blight(white Background)
976,sb_wb_179.jpg,Shath Blight(white Background)
977,sb_wb_18.jpg,Shath Blight(white Background)
978,sb_wb_180.jpg,Shath Blight(white Background)
979,sb_wb_181.jpg,Shath Blight(white Background)
980,sb_wb_182.jpg,Shath Blight(white Background)
981,sb_wb_183.jpg,Shath Blight(white Background)
982,sb_wb_184.jpg,Shath Blight(white Background)
983,sb_wb_185.jpg,Shath Blight(white Background)
984,sb_wb_186.jpg,Shath Blight(white Background)
985,sb_wb_187.jpg,Shath Blight(white Background)
986,sb_wb_188.jpg,Shath Blight(white Background)
987,sb_wb_189.jpg,Shath Blight(white Background)
988,sb_wb_19.jpg,Shath Blight(white Background)
989,sb_wb_190.jpg,Shath Blight(white Background)
990,sb_wb_191.jpg,Shath Blight(white Background)
991,sb_wb_192.jpg,Shath Blight(white Background)
992,sb_wb_193.jpg,Shath Blight(white Background)
993,sb_wb_194.jpg,Shath Blight(white Background)
994,sb_wb_195.jpg,Shath Blight(white Background)
995,sb_wb_196.jpg,Shath Blight(white Background)
996,sb_wb_197.jpg,Shath Blight(white Background)
997,sb_wb_198.jpg,Shath Blight(white Background)
998,sb_wb_199.jpg,Shath Blight(white Background)
999,sb_wb_2.jpg,Shath Blight(white Background)
1000,sb_wb_20.jpg,Shath Blight(white Background)
1001,sb_wb_200.jpg,Shath Blight(white Background)
1002,sb_wb_201.jpg,Shath Blight(white Background)
1003,sb_wb_202.jpg,Shath Blight(white Background)
1004,sb_wb_203.jpg,Shath Blight(white Background)
1005,sb_wb_204.jpg,Shath Blight(white Background)
1006,sb_wb_205.jpg,Shath Blight(white Background)
1007,sb_wb_206.jpg,Shath Blight(white Background)
1008,sb_wb_207.jpg,Shath Blight(white Background)
1009,sb_wb_208.jpg,Shath Blight(white Background)
1010,sb_wb_209.jpg,Shath Blight(white Background)
1011,sb_wb_21.jpg,Shath Blight(white Background)
1012,sb_wb_210.jpg,Shath Blight(white Background)
1013,sb_wb_211.jpg,Shath Blight(white Background)
1014,sb_wb_212.jpg,Shath Blight(white Background)
1015,sb_wb_213.jpg,Shath Blight(white Background)
1016,sb_wb_214.jpg,Shath Blight(white Background)
1017,sb_wb_215.jpg,Shath Blight(white Background)
1018,sb_wb_216.jpg,Shath Blight(white Background)
1019,sb_wb_217.jpg,Shath Blight(white Background)
1020,sb_wb_218.jpg,Shath Blight(white Background)
1021,sb_wb_22.jpg,Shath Blight(white Background)
1022,sb_wb_23.jpg,Shath Blight(white Background)
1023,sb_wb_24.jpg,Shath Blight(white Background)
1024,sb_wb_25.jpg,Shath Blight(white Background)
1025,sb_wb_26.jpg,Shath Blight(white Background)
1026,sb_wb_27.jpg,Shath Blight(white Background)
1027,sb_wb_28.jpg,Shath Blight(white Background)
1028,sb_wb_29.jpg,Shath Blight(white Background)
1029,sb_wb_3.jpg,Shath Blight(white Background)
1030,sb_wb_30.jpg,Shath Blight(white Background)
1031,sb_wb_31.jpg,Shath Blight(white Background)
1032,sb_wb_32.jpg,Shath Blight(white Background)
1033,sb_wb_33.jpg,Shath Blight(white Background)
1034,sb_wb_34.jpg,Shath Blight(white Background)
1035,sb_wb_35.jpg,Shath Blight(white Background)
1036,sb_wb_36.jpg,Shath Blight(white Background)
1037,sb_wb_37.jpg,Shath Blight(white Background)
1038,sb_wb_38.jpg,Shath Blight(white Background)
1039,sb_wb_39.jpg,Shath Blight(white Background)
1040,sb_wb_4.jpg,Shath Blight(white Background)
1041,sb_wb_40.jpg,Shath Blight(white Background)
1042,sb_wb_41.jpg,Shath Blight(white Background)
1043,sb_wb_42.jpg,Shath Blight(white Background)
1044,sb_wb_43.jpg,Shath Blight(white Background)
1045,sb_wb_44.jpg,Shath Blight(white Background)
1046,sb_wb_45.jpg,Shath Blight(white Background)
1047,sb_wb_46.jpg,Shath Blight(white Background)
1048,sb_wb_47.jpg,Shath Blight(white Background)
1049,sb_wb_48.jpg,Shath Blight(white Background)
1050,sb_wb_49.jpg,Shath Blight(white Background)
1051,sb_wb_5.jpg,Shath Blight(white Background)
1052,sb_wb_50.jpg,Shath Blight(white Background)
1053,sb_wb_51.jpg,Shath Blight(white Background)
1054,sb_wb_52.jpg,Shath Blight(white Background)
1055,sb_wb_53.jpg,Shath Blight(white Background)
1056,sb_wb_54.jpg,Shath Blight(white Background)
1057,sb_wb_55.jpg,Shath Blight(white Background)
1058,sb_wb_56.jpg,Shath Blight(white Background)
1059,sb_wb_57.jpg,Shath Blight(white Background)
1060,sb_wb_58.jpg,Shath Blight(white Background)
1061,sb_wb_59.jpg,Shath Blight(white Background)
1062,sb_wb_6.jpg,Shath Blight(white Background)
1063,sb_wb_60.jpg,Shath Blight(white Background)
1064,sb_wb_61.jpg,Shath Blight(white Background)
1065,sb_wb_62.jpg,Shath Blight(white Background)
1066,sb_wb_63.jpg,Shath Blight(white Background)
1067,sb_wb_64.jpg,Shath Blight(white Background)
1068,sb_wb_65.jpg,Shath Blight(white Background)
1069,sb_wb_66.jpg,Shath Blight(white Background)
1070,sb_wb_67.jpg,Shath Blight(white Background)
1071,sb_wb_68.jpg,Shath Blight(white Background)
1072,sb_wb_69.jpg,Shath Blight(white Background)
1073,sb_wb_7.jpg,Shath Blight(white Background)
1074,sb_wb_70.jpg,Shath Blight(white Background)
1075,sb_wb_71.jpg,Shath Blight(white Background)
1076,sb_wb_72.jpg,Shath Blight(white Background)
1077,sb_wb_73.jpg,Shath Blight(white Background)
1078,sb_wb_74.jpg,Shath Blight(white Background)
1079,sb_wb_75.jpg,Shath Blight(white Background)
1080,sb_wb_76.jpg,Shath Blight(white Background)
1081,sb_wb_77.jpg,Shath Blight(white Background)
1082,sb_wb_78.jpg,Shath Blight(white Background)
1083,sb_wb_79.jpg,Shath Blight(white Background)
1084,sb_wb_8.jpg,Shath Blight(white Background)
1085,sb_wb_80.jpg,Shath Blight(white Background)
1086,sb_wb_81.jpg,Shath Blight(white Background)
1087,sb_wb_82.jpg,Shath Blight(white Background)
1088,sb_wb_83.jpg,Shath Blight(white Background)
1089,sb_wb_84.jpg,Shath Blight(white Background)
1090,sb_wb_85.jpg,Shath Blight(white Background)
1091,sb_wb_86.jpg,Shath Blight(white Background)
1092,sb_wb_87.jpg,Shath Blight(white Background)
1093,sb_wb_88.jpg,Shath Blight(white Background)
1094,sb_wb_89.jpg,Shath Blight(white Background)
1095,sb_wb_9.jpg,Shath Blight(white Background)
1096,sb_wb_90.jpg,Shath Blight(white Background)
1097,sb_wb_91.jpg,Shath Blight(white Background)
1098,sb_wb_92.jpg,Shath Blight(white Background)
1099,sb_wb_93.jpg,Shath Blight(white Background)
1100,sb_wb_94.jpg,Shath Blight(white Background)
1101,sb_wb_95.jpg,Shath Blight(white Background)
1102,sb_wb_96.jpg,Shath Blight(white Background)
1103,sb_wb_97.jpg,Shath Blight(white Background)
1104,sb_wb_98.jpg,Shath Blight(white Background)
1105,sb_wb_99.jpg,Shath Blight(white Background)
